first,last,addr,city,state,zip,date,prod_id,prod_desc,unit_price,qty
Plo Koon,Lara,3368 Canterbury Drive,Williamsville,VT,05362,2019-03-01,301,Nail,0.25,5
Plo Koon,Lara,3368 Canterbury Drive,Williamsville,VT,05362,2019-03-01,305,Bradawl,1.99,2
Plo Koon,Lara,3368 Canterbury Drive,Williamsville,VT,05362,2019-03-01,329,Chainsaw,499.99,5
Plo Koon,Lara,3368 Canterbury Drive,Williamsville,VT,05362,2019-03-01,315,Pliers,15.99,5
Beru,Miller,3490 Washington Street,Colorado Springs,CO,80922,2019-03-01,326,Drill,69.0,5
Beru,Miller,3490 Washington Street,Colorado Springs,CO,80922,2019-03-01,318,Hacksaw,19.99,2
Beru,Miller,3490 Washington Street,Colorado Springs,CO,80922,2019-03-01,322,Monkeywrench,29.95,5
Beru,Miller,3490 Washington Street,Colorado Springs,CO,80922,2019-03-01,311,Hammer,8.27,5
Bala-Tik,Zhang,1559 Lake Avenue,Traver,CA,93673,2019-03-01,320,Saw,20.99,5
Bala-Tik,Zhang,1559 Lake Avenue,Traver,CA,93673,2019-03-01,308,Screwdriver,3.0,2
Bala-Tik,Zhang,1559 Lake Avenue,Traver,CA,93673,2019-03-01,318,Hacksaw,19.99,5
Bala-Tik,Zhang,1559 Lake Avenue,Traver,CA,93673,2019-03-01,302,Nut,0.25,5
Snap,Rivera,7148 Jackson Avenue,Albion,RI,02802,2019-03-01,301,Nail,0.25,5
Snap,Rivera,7148 Jackson Avenue,Albion,RI,02802,2019-03-01,306,Clamp,2.99,2
Snap,Rivera,7148 Jackson Avenue,Albion,RI,02802,2019-03-01,313,Wrench,11.0,5
Snap,Rivera,7148 Jackson Avenue,Albion,RI,02802,2019-03-01,316,Anvil,16.2,5
Tc-14,Alvarez,4109 Pheasant Run,Superior,WY,82945,2019-03-02,320,Saw,20.99,7
Tey How,Jennings,3672 Inverness Drive,Fort Washakie,WY,82514,2019-03-03,316,Anvil,16.2,8
Tey How,Jennings,3672 Inverness Drive,Fort Washakie,WY,82514,2019-03-03,302,Nut,0.25,9
Tey How,Jennings,3672 Inverness Drive,Fort Washakie,WY,82514,2019-03-03,303,Screw,0.5,3
Tey How,Jennings,3672 Inverness Drive,Fort Washakie,WY,82514,2019-03-03,305,Bradawl,1.99,7
Tey How,Jennings,3672 Inverness Drive,Fort Washakie,WY,82514,2019-03-03,319,Paint,19.99,4
Tey How,Jennings,3672 Inverness Drive,Fort Washakie,WY,82514,2019-03-03,329,Chainsaw,499.99,8
Beru,Gordon,5261 9th Street,Waipahu,HI,96797,2019-03-03,321,Axe,27.99,8
Beru,Gordon,5261 9th Street,Waipahu,HI,96797,2019-03-03,312,Plane,10.99,9
Beru,Gordon,5261 9th Street,Waipahu,HI,96797,2019-03-03,308,Screwdriver,3.0,3
Beru,Gordon,5261 9th Street,Waipahu,HI,96797,2019-03-03,304,Bolt,1.0,7
Beru,Gordon,5261 9th Street,Waipahu,HI,96797,2019-03-03,301,Nail,0.25,4
Beru,Gordon,5261 9th Street,Waipahu,HI,96797,2019-03-03,314,Mallet,12.0,8
Snap,Rivera,7148 Jackson Avenue,Albion,RI,02802,2019-03-03,308,Screwdriver,3.0,8
Snap,Rivera,7148 Jackson Avenue,Albion,RI,02802,2019-03-03,320,Saw,20.99,9
Snap,Rivera,7148 Jackson Avenue,Albion,RI,02802,2019-03-03,316,Anvil,16.2,3
Snap,Rivera,7148 Jackson Avenue,Albion,RI,02802,2019-03-03,306,Clamp,2.99,7
Snap,Rivera,7148 Jackson Avenue,Albion,RI,02802,2019-03-03,307,Sandpaper,3.0,4
Snap,Rivera,7148 Jackson Avenue,Albion,RI,02802,2019-03-03,309,Chisel,4.99,8
Fode/Beed,Miller,5786 Devon Road,Collins,GA,30421,2019-03-03,304,Bolt,1.0,8
Fode/Beed,Miller,5786 Devon Road,Collins,GA,30421,2019-03-03,322,Monkeywrench,29.95,9
Fode/Beed,Miller,5786 Devon Road,Collins,GA,30421,2019-03-03,313,Wrench,11.0,3
Fode/Beed,Miller,5786 Devon Road,Collins,GA,30421,2019-03-03,329,Chainsaw,499.99,7
Fode/Beed,Miller,5786 Devon Road,Collins,GA,30421,2019-03-03,315,Pliers,15.99,4
Fode/Beed,Miller,5786 Devon Road,Collins,GA,30421,2019-03-03,326,Drill,69.0,8
Captain Antilles,Mcdaniel,6326 Heather Lane,Ohatchee,AL,36271,2019-03-03,307,Sandpaper,3.0,8
Captain Antilles,Mcdaniel,6326 Heather Lane,Ohatchee,AL,36271,2019-03-03,309,Chisel,4.99,9
Captain Antilles,Mcdaniel,6326 Heather Lane,Ohatchee,AL,36271,2019-03-03,311,Hammer,8.27,3
Captain Antilles,Mcdaniel,6326 Heather Lane,Ohatchee,AL,36271,2019-03-03,300,Washer,0.1,7
Captain Antilles,Mcdaniel,6326 Heather Lane,Ohatchee,AL,36271,2019-03-03,302,Nut,0.25,4
Captain Antilles,Mcdaniel,6326 Heather Lane,Ohatchee,AL,36271,2019-03-03,308,Screwdriver,3.0,8
Rey,Aguilar,8339 College Street,Wilmot,WI,53192,2019-03-03,322,Monkeywrench,29.95,8
Rey,Aguilar,8339 College Street,Wilmot,WI,53192,2019-03-03,325,Toolbox,50.0,9
Rey,Aguilar,8339 College Street,Wilmot,WI,53192,2019-03-03,312,Plane,10.99,3
Rey,Aguilar,8339 College Street,Wilmot,WI,53192,2019-03-03,323,Hatchet,35.99,7
Rey,Aguilar,8339 College Street,Wilmot,WI,53192,2019-03-03,301,Nail,0.25,4
Rey,Aguilar,8339 College Street,Wilmot,WI,53192,2019-03-03,304,Bolt,1.0,8
Nute Gunray,Le,2553 Inverness Drive,South San Francisco,CA,94080,2019-03-04,302,Nut,0.25,4
Nute Gunray,Le,2553 Inverness Drive,South San Francisco,CA,94080,2019-03-04,322,Monkeywrench,29.95,5
Nute Gunray,Le,2553 Inverness Drive,South San Francisco,CA,94080,2019-03-04,318,Hacksaw,19.99,6
Nute Gunray,Le,2553 Inverness Drive,South San Francisco,CA,94080,2019-03-04,310,Scraper,7.99,2
Nute Gunray,Le,2553 Inverness Drive,South San Francisco,CA,94080,2019-03-04,300,Washer,0.1,6
Plo Koon,Bass,7380 Heather Lane,Warner,NH,03278,2019-03-04,328,Workbench,300.0,4
Plo Koon,Bass,7380 Heather Lane,Warner,NH,03278,2019-03-04,306,Clamp,2.99,5
Plo Koon,Bass,7380 Heather Lane,Warner,NH,03278,2019-03-04,327,Ladder,80.0,6
Plo Koon,Bass,7380 Heather Lane,Warner,NH,03278,2019-03-04,304,Bolt,1.0,2
Plo Koon,Bass,7380 Heather Lane,Warner,NH,03278,2019-03-04,316,Anvil,16.2,6
Fode/Beed,Miller,5786 Devon Road,Collins,GA,30421,2019-03-04,319,Paint,19.99,4
Fode/Beed,Miller,5786 Devon Road,Collins,GA,30421,2019-03-04,302,Nut,0.25,5
Fode/Beed,Miller,5786 Devon Road,Collins,GA,30421,2019-03-04,304,Bolt,1.0,6
Fode/Beed,Miller,5786 Devon Road,Collins,GA,30421,2019-03-04,328,Workbench,300.0,2
Fode/Beed,Miller,5786 Devon Road,Collins,GA,30421,2019-03-04,314,Mallet,12.0,6
Tc-14,Elliott,8425 Washington Street,Las Vegas,NV,89142,2019-03-04,309,Chisel,4.99,4
Tc-14,Elliott,8425 Washington Street,Las Vegas,NV,89142,2019-03-04,321,Axe,27.99,5
Tc-14,Elliott,8425 Washington Street,Las Vegas,NV,89142,2019-03-04,324,Wire,37.0,6
Tc-14,Elliott,8425 Washington Street,Las Vegas,NV,89142,2019-03-04,304,Bolt,1.0,2
Tc-14,Elliott,8425 Washington Street,Las Vegas,NV,89142,2019-03-04,325,Toolbox,50.0,6
Snap,Garza,9534 9th Street,Strong,ME,04983,2019-03-04,305,Bradawl,1.99,4
Snap,Garza,9534 9th Street,Strong,ME,04983,2019-03-04,320,Saw,20.99,5
Snap,Garza,9534 9th Street,Strong,ME,04983,2019-03-04,319,Paint,19.99,6
Snap,Garza,9534 9th Street,Strong,ME,04983,2019-03-04,301,Nail,0.25,2
Snap,Garza,9534 9th Street,Strong,ME,04983,2019-03-04,328,Workbench,300.0,6
Motti,Mcbride,6879 Pheasant Run,Windham,NH,03087,2019-03-05,314,Mallet,12.0,5
Motti,Mcbride,6879 Pheasant Run,Windham,NH,03087,2019-03-05,329,Chainsaw,499.99,5
Snap,Rivera,7148 Jackson Avenue,Albion,RI,02802,2019-03-05,302,Nut,0.25,5
Snap,Rivera,7148 Jackson Avenue,Albion,RI,02802,2019-03-05,311,Hammer,8.27,5
Rabe,Thornton,2133 Edgewood Road,Red Lodge,MT,59068,2019-03-06,305,Bradawl,1.99,4
Rabe,Thornton,2133 Edgewood Road,Red Lodge,MT,59068,2019-03-06,326,Drill,69.0,3
Rabe,Thornton,2133 Edgewood Road,Red Lodge,MT,59068,2019-03-06,324,Wire,37.0,5
Rabe,Thornton,2133 Edgewood Road,Red Lodge,MT,59068,2019-03-06,329,Chainsaw,499.99,4
Senator Ask Aak,Zhang,8559 Route 1,South Wilmington,IL,60474,2019-03-06,301,Nail,0.25,4
Senator Ask Aak,Zhang,8559 Route 1,South Wilmington,IL,60474,2019-03-06,310,Scraper,7.99,3
Senator Ask Aak,Zhang,8559 Route 1,South Wilmington,IL,60474,2019-03-06,314,Mallet,12.0,5
Senator Ask Aak,Zhang,8559 Route 1,South Wilmington,IL,60474,2019-03-06,313,Wrench,11.0,4
Sola,Francis,8313 Main Street,Central Falls,RI,02863,2019-03-06,317,Level,16.99,4
Sola,Francis,8313 Main Street,Central Falls,RI,02863,2019-03-06,319,Paint,19.99,3
Sola,Francis,8313 Main Street,Central Falls,RI,02863,2019-03-06,303,Screw,0.5,5
Sola,Francis,8313 Main Street,Central Falls,RI,02863,2019-03-06,321,Axe,27.99,4
Motti,Bass,2326 Brookside Drive,Seven Valleys,PA,17360,2019-03-06,320,Saw,20.99,4
Motti,Bass,2326 Brookside Drive,Seven Valleys,PA,17360,2019-03-06,327,Ladder,80.0,3
Motti,Bass,2326 Brookside Drive,Seven Valleys,PA,17360,2019-03-06,317,Level,16.99,5
Motti,Bass,2326 Brookside Drive,Seven Valleys,PA,17360,2019-03-06,308,Screwdriver,3.0,4
Tc-14,Rodriguez,7346 Walnut Street,Petersburg,AK,99833,2019-03-07,319,Paint,19.99,4
Tc-14,Rodriguez,7346 Walnut Street,Petersburg,AK,99833,2019-03-07,304,Bolt,1.0,7
Tc-14,Rodriguez,7346 Walnut Street,Petersburg,AK,99833,2019-03-07,315,Pliers,15.99,6
On Medon,Mcdaniel,5813 Devon Road,Lyman,UT,84749,2019-03-07,313,Wrench,11.0,4
On Medon,Mcdaniel,5813 Devon Road,Lyman,UT,84749,2019-03-07,327,Ladder,80.0,7
On Medon,Mcdaniel,5813 Devon Road,Lyman,UT,84749,2019-03-07,307,Sandpaper,3.0,6
Clone Commander Cody,Vincent,1457 Valley Road,Honolulu,HI,96826,2019-03-07,307,Sandpaper,3.0,4
Clone Commander Cody,Vincent,1457 Valley Road,Honolulu,HI,96826,2019-03-07,304,Bolt,1.0,7
Clone Commander Cody,Vincent,1457 Valley Road,Honolulu,HI,96826,2019-03-07,303,Screw,0.5,6
Rabe,Vincent,3541 3rd Street,Salol,MN,56756,2019-03-08,324,Wire,37.0,9
Rabe,Vincent,3541 3rd Street,Salol,MN,56756,2019-03-08,301,Nail,0.25,4
Rabe,Vincent,3541 3rd Street,Salol,MN,56756,2019-03-08,317,Level,16.99,1
Rabe,Vincent,3541 3rd Street,Salol,MN,56756,2019-03-08,308,Screwdriver,3.0,8
Rieekan,Jimenez,5165 5th Street,Rockbridge,OH,43149,2019-03-08,328,Workbench,300.0,9
Rieekan,Jimenez,5165 5th Street,Rockbridge,OH,43149,2019-03-08,308,Screwdriver,3.0,4
Rieekan,Jimenez,5165 5th Street,Rockbridge,OH,43149,2019-03-08,304,Bolt,1.0,1
Rieekan,Jimenez,5165 5th Street,Rockbridge,OH,43149,2019-03-08,312,Plane,10.99,8
Plo Koon,Vincent,6199 Lake Avenue,Valley Ford,CA,94972,2019-03-08,306,Clamp,2.99,9
Plo Koon,Vincent,6199 Lake Avenue,Valley Ford,CA,94972,2019-03-08,303,Screw,0.5,4
Plo Koon,Vincent,6199 Lake Avenue,Valley Ford,CA,94972,2019-03-08,313,Wrench,11.0,1
Plo Koon,Vincent,6199 Lake Avenue,Valley Ford,CA,94972,2019-03-08,309,Chisel,4.99,8
Motti,Alvarez,3797 Williams Street,Portland,OR,97213,2019-03-08,318,Hacksaw,19.99,9
Motti,Alvarez,3797 Williams Street,Portland,OR,97213,2019-03-08,310,Scraper,7.99,4
Motti,Alvarez,3797 Williams Street,Portland,OR,97213,2019-03-08,326,Drill,69.0,1
Motti,Alvarez,3797 Williams Street,Portland,OR,97213,2019-03-08,300,Washer,0.1,8
Senator Ask Aak,Miller,9727 Devonshire Drive,Ridgeland,MS,39157,2019-03-09,302,Nut,0.25,7
Senator Ask Aak,Miller,9727 Devonshire Drive,Ridgeland,MS,39157,2019-03-09,311,Hammer,8.27,3
Obi-Wan,Chen,2756 Heather Lane,Belfast,TN,37019,2019-03-09,327,Ladder,80.0,7
Obi-Wan,Chen,2756 Heather Lane,Belfast,TN,37019,2019-03-09,301,Nail,0.25,3
Padme,Le,1031 Pheasant Run,Las Vegas,NV,89178,2019-03-10,326,Drill,69.0,1
Jabba,Mitchell,7463 Brookside Drive,Postville,IA,52162,2019-03-11,318,Hacksaw,19.99,9
Jabba,Mitchell,7463 Brookside Drive,Postville,IA,52162,2019-03-11,307,Sandpaper,3.0,2
Jabba,Mitchell,7463 Brookside Drive,Postville,IA,52162,2019-03-11,314,Mallet,12.0,7
Jabba,Mitchell,7463 Brookside Drive,Postville,IA,52162,2019-03-11,301,Nail,0.25,1
Snap,Mcbride,5524 Hawthorne Lane,Donahue,IA,52746,2019-03-11,324,Wire,37.0,9
Snap,Mcbride,5524 Hawthorne Lane,Donahue,IA,52746,2019-03-11,309,Chisel,4.99,2
Snap,Mcbride,5524 Hawthorne Lane,Donahue,IA,52746,2019-03-11,322,Monkeywrench,29.95,7
Snap,Mcbride,5524 Hawthorne Lane,Donahue,IA,52746,2019-03-11,300,Washer,0.1,1
Beru,Walters,2805 Main Street,Frederick,SD,57441,2019-03-11,322,Monkeywrench,29.95,9
Beru,Walters,2805 Main Street,Frederick,SD,57441,2019-03-11,329,Chainsaw,499.99,2
Beru,Walters,2805 Main Street,Frederick,SD,57441,2019-03-11,301,Nail,0.25,7
Beru,Walters,2805 Main Street,Frederick,SD,57441,2019-03-11,314,Mallet,12.0,1
Sola,Benson,2138 Lake Street,Alum Creek,WV,25003,2019-03-11,326,Drill,69.0,9
Sola,Benson,2138 Lake Street,Alum Creek,WV,25003,2019-03-11,310,Scraper,7.99,2
Sola,Benson,2138 Lake Street,Alum Creek,WV,25003,2019-03-11,324,Wire,37.0,7
Sola,Benson,2138 Lake Street,Alum Creek,WV,25003,2019-03-11,307,Sandpaper,3.0,1
Orn Free Taa,Zhang,6043 Strawberry Lane,Patterson,AR,72123,2019-03-12,309,Chisel,4.99,2
Orn Free Taa,Zhang,6043 Strawberry Lane,Patterson,AR,72123,2019-03-12,324,Wire,37.0,3
Rey,Ingram,8895 Front Street South,North Matewan,WV,25688,2019-03-12,309,Chisel,4.99,2
Rey,Ingram,8895 Front Street South,North Matewan,WV,25688,2019-03-12,316,Anvil,16.2,3
Colonel Datoo,Doyle,1332 Brookside Drive,Leander,TX,78641,2019-03-13,317,Level,16.99,3
Colonel Datoo,Doyle,1332 Brookside Drive,Leander,TX,78641,2019-03-13,316,Anvil,16.2,8
Colonel Datoo,Zhang,3165 Lake Street,Central Lake,MI,49622,2019-03-13,309,Chisel,4.99,3
Colonel Datoo,Zhang,3165 Lake Street,Central Lake,MI,49622,2019-03-13,326,Drill,69.0,8
Orn Free Taa,Mcbride,7694 9th Street,Monterey,TN,38574,2019-03-14,302,Nut,0.25,4
Orn Free Taa,Mcbride,7694 9th Street,Monterey,TN,38574,2019-03-14,318,Hacksaw,19.99,4
Dodonna,Woodward,1204 Williams Street,Finksburg,MD,21048,2019-03-14,301,Nail,0.25,4
Dodonna,Woodward,1204 Williams Street,Finksburg,MD,21048,2019-03-14,329,Chainsaw,499.99,4
Captain Antilles,Johnston,5491 Strawberry Lane,Pittsburgh,PA,15234,2019-03-15,313,Wrench,11.0,1
Captain Antilles,Johnston,5491 Strawberry Lane,Pittsburgh,PA,15234,2019-03-15,301,Nail,0.25,2
Captain Antilles,Johnston,5491 Strawberry Lane,Pittsburgh,PA,15234,2019-03-15,319,Paint,19.99,7
Captain Antilles,Johnston,5491 Strawberry Lane,Pittsburgh,PA,15234,2019-03-15,314,Mallet,12.0,7
Captain Antilles,Johnston,5491 Strawberry Lane,Pittsburgh,PA,15234,2019-03-15,326,Drill,69.0,5
Captain Antilles,Johnston,5491 Strawberry Lane,Pittsburgh,PA,15234,2019-03-15,307,Sandpaper,3.0,2
Clone Commander Cody,Benson,4836 Front Street,Spring Lake,NC,28390,2019-03-15,327,Ladder,80.0,1
Clone Commander Cody,Benson,4836 Front Street,Spring Lake,NC,28390,2019-03-15,320,Saw,20.99,2
Clone Commander Cody,Benson,4836 Front Street,Spring Lake,NC,28390,2019-03-15,318,Hacksaw,19.99,7
Clone Commander Cody,Benson,4836 Front Street,Spring Lake,NC,28390,2019-03-15,300,Washer,0.1,7
Clone Commander Cody,Benson,4836 Front Street,Spring Lake,NC,28390,2019-03-15,326,Drill,69.0,5
Clone Commander Cody,Benson,4836 Front Street,Spring Lake,NC,28390,2019-03-15,313,Wrench,11.0,2
On Medon,Mccarthy,6662 Madison Street,Williamsport,MD,21795,2019-03-15,321,Axe,27.99,1
On Medon,Mccarthy,6662 Madison Street,Williamsport,MD,21795,2019-03-15,329,Chainsaw,499.99,2
On Medon,Mccarthy,6662 Madison Street,Williamsport,MD,21795,2019-03-15,317,Level,16.99,7
On Medon,Mccarthy,6662 Madison Street,Williamsport,MD,21795,2019-03-15,306,Clamp,2.99,7
On Medon,Mccarthy,6662 Madison Street,Williamsport,MD,21795,2019-03-15,303,Screw,0.5,5
On Medon,Mccarthy,6662 Madison Street,Williamsport,MD,21795,2019-03-15,308,Screwdriver,3.0,2
Unkar Plutt,Schmidt,9546 Brookside Drive,Chippewa Bay,NY,13623,2019-03-15,318,Hacksaw,19.99,1
Unkar Plutt,Schmidt,9546 Brookside Drive,Chippewa Bay,NY,13623,2019-03-15,311,Hammer,8.27,2
Unkar Plutt,Schmidt,9546 Brookside Drive,Chippewa Bay,NY,13623,2019-03-15,312,Plane,10.99,7
Unkar Plutt,Schmidt,9546 Brookside Drive,Chippewa Bay,NY,13623,2019-03-15,303,Screw,0.5,7
Unkar Plutt,Schmidt,9546 Brookside Drive,Chippewa Bay,NY,13623,2019-03-15,304,Bolt,1.0,5
Unkar Plutt,Schmidt,9546 Brookside Drive,Chippewa Bay,NY,13623,2019-03-15,325,Toolbox,50.0,2
Tey How,Rivera,2130 Washington Street,Mountlake Terrace,WA,98043,2019-03-15,320,Saw,20.99,1
Tey How,Rivera,2130 Washington Street,Mountlake Terrace,WA,98043,2019-03-15,329,Chainsaw,499.99,2
Tey How,Rivera,2130 Washington Street,Mountlake Terrace,WA,98043,2019-03-15,300,Washer,0.1,7
Tey How,Rivera,2130 Washington Street,Mountlake Terrace,WA,98043,2019-03-15,321,Axe,27.99,7
Tey How,Rivera,2130 Washington Street,Mountlake Terrace,WA,98043,2019-03-15,314,Mallet,12.0,5
Tey How,Rivera,2130 Washington Street,Mountlake Terrace,WA,98043,2019-03-15,305,Bradawl,1.99,2
Tey How,Gordon,5972 9th Street West,West Rutland,VT,05777,2019-03-15,328,Workbench,300.0,1
Tey How,Gordon,5972 9th Street West,West Rutland,VT,05777,2019-03-15,329,Chainsaw,499.99,2
Tey How,Gordon,5972 9th Street West,West Rutland,VT,05777,2019-03-15,315,Pliers,15.99,7
Tey How,Gordon,5972 9th Street West,West Rutland,VT,05777,2019-03-15,302,Nut,0.25,7
Tey How,Gordon,5972 9th Street West,West Rutland,VT,05777,2019-03-15,308,Screwdriver,3.0,5
Tey How,Gordon,5972 9th Street West,West Rutland,VT,05777,2019-03-15,319,Paint,19.99,2
Bib Fortuna,Doyle,3286 Beechwood Drive,Burlington,VT,05401,2019-03-16,328,Workbench,300.0,3
Taun We,Walters,9144 West Avenue,Townville,PA,16360,2019-03-17,326,Drill,69.0,1
Taun We,Walters,9144 West Avenue,Townville,PA,16360,2019-03-17,319,Paint,19.99,1
Gold Leader,Elliott,9326 Sycamore Street,Victor,WV,25938,2019-03-17,313,Wrench,11.0,1
Gold Leader,Elliott,9326 Sycamore Street,Victor,WV,25938,2019-03-17,325,Toolbox,50.0,1
Bala-Tik,Elliott,9088 Valley Road,Bayport,MN,55003,2019-03-18,317,Level,16.99,9
Bala-Tik,Elliott,9088 Valley Road,Bayport,MN,55003,2019-03-18,316,Anvil,16.2,2
Bala-Tik,Elliott,9088 Valley Road,Bayport,MN,55003,2019-03-18,326,Drill,69.0,4
Bala-Tik,Elliott,9088 Valley Road,Bayport,MN,55003,2019-03-18,318,Hacksaw,19.99,6
Bala-Tik,Elliott,9088 Valley Road,Bayport,MN,55003,2019-03-18,306,Clamp,2.99,8
Tc-14,Jennings,4692 2nd Street,Wilmington,DE,19801,2019-03-18,313,Wrench,11.0,9
Tc-14,Jennings,4692 2nd Street,Wilmington,DE,19801,2019-03-18,314,Mallet,12.0,2
Tc-14,Jennings,4692 2nd Street,Wilmington,DE,19801,2019-03-18,308,Screwdriver,3.0,4
Tc-14,Jennings,4692 2nd Street,Wilmington,DE,19801,2019-03-18,306,Clamp,2.99,6
Tc-14,Jennings,4692 2nd Street,Wilmington,DE,19801,2019-03-18,311,Hammer,8.27,8
Gold Leader,Zhang,9744 Park Avenue,Washington,DC,20202,2019-03-18,309,Chisel,4.99,9
Gold Leader,Zhang,9744 Park Avenue,Washington,DC,20202,2019-03-18,313,Wrench,11.0,2
Gold Leader,Zhang,9744 Park Avenue,Washington,DC,20202,2019-03-18,324,Wire,37.0,4
Gold Leader,Zhang,9744 Park Avenue,Washington,DC,20202,2019-03-18,308,Screwdriver,3.0,6
Gold Leader,Zhang,9744 Park Avenue,Washington,DC,20202,2019-03-18,302,Nut,0.25,8
Colonel Datoo,Zhang,3165 Lake Street,Central Lake,MI,49622,2019-03-18,308,Screwdriver,3.0,9
Colonel Datoo,Zhang,3165 Lake Street,Central Lake,MI,49622,2019-03-18,320,Saw,20.99,2
Colonel Datoo,Zhang,3165 Lake Street,Central Lake,MI,49622,2019-03-18,313,Wrench,11.0,4
Colonel Datoo,Zhang,3165 Lake Street,Central Lake,MI,49622,2019-03-18,300,Washer,0.1,6
Colonel Datoo,Zhang,3165 Lake Street,Central Lake,MI,49622,2019-03-18,303,Screw,0.5,8
Jabba,Walker,9967 Sycamore Drive,Russell,KY,41169,2019-03-18,302,Nut,0.25,9
Jabba,Walker,9967 Sycamore Drive,Russell,KY,41169,2019-03-18,328,Workbench,300.0,2
Jabba,Walker,9967 Sycamore Drive,Russell,KY,41169,2019-03-18,323,Hatchet,35.99,4
Jabba,Walker,9967 Sycamore Drive,Russell,KY,41169,2019-03-18,320,Saw,20.99,6
Jabba,Walker,9967 Sycamore Drive,Russell,KY,41169,2019-03-18,316,Anvil,16.2,8
On Medon,Mccarthy,6662 Madison Street,Williamsport,MD,21795,2019-03-19,315,Pliers,15.99,8
On Medon,Mccarthy,6662 Madison Street,Williamsport,MD,21795,2019-03-19,327,Ladder,80.0,6
On Medon,Mccarthy,6662 Madison Street,Williamsport,MD,21795,2019-03-19,322,Monkeywrench,29.95,9
On Medon,Mccarthy,6662 Madison Street,Williamsport,MD,21795,2019-03-19,301,Nail,0.25,9
Unkar Plutt,Benson,3640 Magnolia Court,Bryants Store,KY,40921,2019-03-19,303,Screw,0.5,8
Unkar Plutt,Benson,3640 Magnolia Court,Bryants Store,KY,40921,2019-03-19,318,Hacksaw,19.99,6
Unkar Plutt,Benson,3640 Magnolia Court,Bryants Store,KY,40921,2019-03-19,313,Wrench,11.0,9
Unkar Plutt,Benson,3640 Magnolia Court,Bryants Store,KY,40921,2019-03-19,309,Chisel,4.99,9
Mace Windu,Burke,1863 Jackson Avenue,Washington,DC,20593,2019-03-19,329,Chainsaw,499.99,8
Mace Windu,Burke,1863 Jackson Avenue,Washington,DC,20593,2019-03-19,322,Monkeywrench,29.95,6
Mace Windu,Burke,1863 Jackson Avenue,Washington,DC,20593,2019-03-19,323,Hatchet,35.99,9
Mace Windu,Burke,1863 Jackson Avenue,Washington,DC,20593,2019-03-19,311,Hammer,8.27,9
Motti,Mcbride,2381 Lake Street,Maquoketa,IA,52060,2019-03-19,301,Nail,0.25,8
Motti,Mcbride,2381 Lake Street,Maquoketa,IA,52060,2019-03-19,322,Monkeywrench,29.95,6
Motti,Mcbride,2381 Lake Street,Maquoketa,IA,52060,2019-03-19,318,Hacksaw,19.99,9
Motti,Mcbride,2381 Lake Street,Maquoketa,IA,52060,2019-03-19,326,Drill,69.0,9
Shmi,Mitchell,1517 Front Street South,Fox Lake,IL,60020,2019-03-20,316,Anvil,16.2,8
Shmi,Mitchell,1517 Front Street South,Fox Lake,IL,60020,2019-03-20,304,Bolt,1.0,1
Shmi,Mitchell,1517 Front Street South,Fox Lake,IL,60020,2019-03-20,324,Wire,37.0,5
Shmi,Mitchell,1517 Front Street South,Fox Lake,IL,60020,2019-03-20,323,Hatchet,35.99,9
Dodonna,Woodward,1204 Williams Street,Finksburg,MD,21048,2019-03-20,329,Chainsaw,499.99,8
Dodonna,Woodward,1204 Williams Street,Finksburg,MD,21048,2019-03-20,317,Level,16.99,1
Dodonna,Woodward,1204 Williams Street,Finksburg,MD,21048,2019-03-20,327,Ladder,80.0,5
Dodonna,Woodward,1204 Williams Street,Finksburg,MD,21048,2019-03-20,313,Wrench,11.0,9
On Medon,Mccarthy,6662 Madison Street,Williamsport,MD,21795,2019-03-20,306,Clamp,2.99,8
On Medon,Mccarthy,6662 Madison Street,Williamsport,MD,21795,2019-03-20,303,Screw,0.5,1
On Medon,Mccarthy,6662 Madison Street,Williamsport,MD,21795,2019-03-20,308,Screwdriver,3.0,5
On Medon,Mccarthy,6662 Madison Street,Williamsport,MD,21795,2019-03-20,320,Saw,20.99,9
Plo Koon,Thornton,3878 Park Avenue,Avilla,MO,64833,2019-03-20,306,Clamp,2.99,8
Plo Koon,Thornton,3878 Park Avenue,Avilla,MO,64833,2019-03-20,305,Bradawl,1.99,1
Plo Koon,Thornton,3878 Park Avenue,Avilla,MO,64833,2019-03-20,300,Washer,0.1,5
Plo Koon,Thornton,3878 Park Avenue,Avilla,MO,64833,2019-03-20,329,Chainsaw,499.99,9
Bib Fortuna,Doyle,3286 Beechwood Drive,Burlington,VT,05401,2019-03-21,304,Bolt,1.0,5
Bib Fortuna,Doyle,3286 Beechwood Drive,Burlington,VT,05401,2019-03-21,301,Nail,0.25,8
Bib Fortuna,Doyle,3286 Beechwood Drive,Burlington,VT,05401,2019-03-21,325,Toolbox,50.0,2
Bib Fortuna,Doyle,3286 Beechwood Drive,Burlington,VT,05401,2019-03-21,305,Bradawl,1.99,2
Bib Fortuna,Doyle,3286 Beechwood Drive,Burlington,VT,05401,2019-03-21,307,Sandpaper,3.0,6
Rabe,Rodriguez,5492 Front Street,Flippin,AR,72634,2019-03-21,308,Screwdriver,3.0,5
Rabe,Rodriguez,5492 Front Street,Flippin,AR,72634,2019-03-21,311,Hammer,8.27,8
Rabe,Rodriguez,5492 Front Street,Flippin,AR,72634,2019-03-21,326,Drill,69.0,2
Rabe,Rodriguez,5492 Front Street,Flippin,AR,72634,2019-03-21,321,Axe,27.99,2
Rabe,Rodriguez,5492 Front Street,Flippin,AR,72634,2019-03-21,328,Workbench,300.0,6
Beru,Todd,7293 9th Street,Bountiful,UT,84010,2019-03-21,326,Drill,69.0,5
Beru,Todd,7293 9th Street,Bountiful,UT,84010,2019-03-21,303,Screw,0.5,8
Beru,Todd,7293 9th Street,Bountiful,UT,84010,2019-03-21,315,Pliers,15.99,2
Beru,Todd,7293 9th Street,Bountiful,UT,84010,2019-03-21,324,Wire,37.0,2
Beru,Todd,7293 9th Street,Bountiful,UT,84010,2019-03-21,301,Nail,0.25,6
Rabe,Woodward,2517 Lake Avenue,Scranton,PA,18505,2019-03-21,315,Pliers,15.99,5
Rabe,Woodward,2517 Lake Avenue,Scranton,PA,18505,2019-03-21,320,Saw,20.99,8
Rabe,Woodward,2517 Lake Avenue,Scranton,PA,18505,2019-03-21,304,Bolt,1.0,2
Rabe,Woodward,2517 Lake Avenue,Scranton,PA,18505,2019-03-21,326,Drill,69.0,2
Rabe,Woodward,2517 Lake Avenue,Scranton,PA,18505,2019-03-21,322,Monkeywrench,29.95,6
Taun We,Miller,4011 Sycamore Drive,Yellow Jacket,CO,81335,2019-03-21,310,Scraper,7.99,5
Taun We,Miller,4011 Sycamore Drive,Yellow Jacket,CO,81335,2019-03-21,319,Paint,19.99,8
Taun We,Miller,4011 Sycamore Drive,Yellow Jacket,CO,81335,2019-03-21,309,Chisel,4.99,2
Taun We,Miller,4011 Sycamore Drive,Yellow Jacket,CO,81335,2019-03-21,324,Wire,37.0,2
Taun We,Miller,4011 Sycamore Drive,Yellow Jacket,CO,81335,2019-03-21,306,Clamp,2.99,6
Captain Antilles,Thornton,4842 Fawn Court,Clarkson,NE,68629,2019-03-22,316,Anvil,16.2,3
Captain Antilles,Thornton,4842 Fawn Court,Clarkson,NE,68629,2019-03-22,309,Chisel,4.99,3
Captain Antilles,Thornton,4842 Fawn Court,Clarkson,NE,68629,2019-03-22,301,Nail,0.25,3
Taun We,Walters,9144 West Avenue,Townville,PA,16360,2019-03-22,307,Sandpaper,3.0,3
Taun We,Walters,9144 West Avenue,Townville,PA,16360,2019-03-22,323,Hatchet,35.99,3
Taun We,Walters,9144 West Avenue,Townville,PA,16360,2019-03-22,310,Scraper,7.99,3
Plo Koon,Vincent,6199 Lake Avenue,Valley Ford,CA,94972,2019-03-22,307,Sandpaper,3.0,3
Plo Koon,Vincent,6199 Lake Avenue,Valley Ford,CA,94972,2019-03-22,308,Screwdriver,3.0,3
Plo Koon,Vincent,6199 Lake Avenue,Valley Ford,CA,94972,2019-03-22,303,Screw,0.5,3
Unkar Plutt,Doyle,7541 William Street,Cookeville,TN,38505,2019-03-23,304,Bolt,1.0,2
Unkar Plutt,Doyle,7541 William Street,Cookeville,TN,38505,2019-03-23,301,Nail,0.25,1
Unkar Plutt,Doyle,7541 William Street,Cookeville,TN,38505,2019-03-23,318,Hacksaw,19.99,6
Unkar Plutt,Doyle,7541 William Street,Cookeville,TN,38505,2019-03-23,302,Nut,0.25,9
Unkar Plutt,Doyle,7541 William Street,Cookeville,TN,38505,2019-03-23,309,Chisel,4.99,9
Unkar Plutt,Doyle,7541 William Street,Cookeville,TN,38505,2019-03-23,321,Axe,27.99,3
Jobal,Oneill,2970 Williams Street,Aquasco,MD,20608,2019-03-23,319,Paint,19.99,2
Jobal,Oneill,2970 Williams Street,Aquasco,MD,20608,2019-03-23,311,Hammer,8.27,1
Jobal,Oneill,2970 Williams Street,Aquasco,MD,20608,2019-03-23,317,Level,16.99,6
Jobal,Oneill,2970 Williams Street,Aquasco,MD,20608,2019-03-23,323,Hatchet,35.99,9
Jobal,Oneill,2970 Williams Street,Aquasco,MD,20608,2019-03-23,326,Drill,69.0,9
Jobal,Oneill,2970 Williams Street,Aquasco,MD,20608,2019-03-23,314,Mallet,12.0,3
Biggs,Todd,5221 Hawthorne Lane,Wytopitlock,ME,04497,2019-03-23,316,Anvil,16.2,2
Biggs,Todd,5221 Hawthorne Lane,Wytopitlock,ME,04497,2019-03-23,311,Hammer,8.27,1
Biggs,Todd,5221 Hawthorne Lane,Wytopitlock,ME,04497,2019-03-23,305,Bradawl,1.99,6
Biggs,Todd,5221 Hawthorne Lane,Wytopitlock,ME,04497,2019-03-23,317,Level,16.99,9
Biggs,Todd,5221 Hawthorne Lane,Wytopitlock,ME,04497,2019-03-23,315,Pliers,15.99,9
Biggs,Todd,5221 Hawthorne Lane,Wytopitlock,ME,04497,2019-03-23,307,Sandpaper,3.0,3
Sola,Miller,8939 Hawthorne Lane,Borrego Springs,CA,92004,2019-03-23,305,Bradawl,1.99,2
Sola,Miller,8939 Hawthorne Lane,Borrego Springs,CA,92004,2019-03-23,312,Plane,10.99,1
Sola,Miller,8939 Hawthorne Lane,Borrego Springs,CA,92004,2019-03-23,325,Toolbox,50.0,6
Sola,Miller,8939 Hawthorne Lane,Borrego Springs,CA,92004,2019-03-23,329,Chainsaw,499.99,9
Sola,Miller,8939 Hawthorne Lane,Borrego Springs,CA,92004,2019-03-23,314,Mallet,12.0,9
Sola,Miller,8939 Hawthorne Lane,Borrego Springs,CA,92004,2019-03-23,320,Saw,20.99,3
Fode/Beed,Alvarez,3742 Heather Lane,Dover Afb,DE,19902,2019-03-23,326,Drill,69.0,2
Fode/Beed,Alvarez,3742 Heather Lane,Dover Afb,DE,19902,2019-03-23,308,Screwdriver,3.0,1
Fode/Beed,Alvarez,3742 Heather Lane,Dover Afb,DE,19902,2019-03-23,307,Sandpaper,3.0,6
Fode/Beed,Alvarez,3742 Heather Lane,Dover Afb,DE,19902,2019-03-23,318,Hacksaw,19.99,9
Fode/Beed,Alvarez,3742 Heather Lane,Dover Afb,DE,19902,2019-03-23,319,Paint,19.99,9
Fode/Beed,Alvarez,3742 Heather Lane,Dover Afb,DE,19902,2019-03-23,325,Toolbox,50.0,3
Beru,Walters,2805 Main Street,Frederick,SD,57441,2019-03-23,322,Monkeywrench,29.95,2
Beru,Walters,2805 Main Street,Frederick,SD,57441,2019-03-23,302,Nut,0.25,1
Beru,Walters,2805 Main Street,Frederick,SD,57441,2019-03-23,320,Saw,20.99,6
Beru,Walters,2805 Main Street,Frederick,SD,57441,2019-03-23,314,Mallet,12.0,9
Beru,Walters,2805 Main Street,Frederick,SD,57441,2019-03-23,313,Wrench,11.0,9
Beru,Walters,2805 Main Street,Frederick,SD,57441,2019-03-23,325,Toolbox,50.0,3
Tey How,Barker,6169 Beechwood Drive,Ponce,PR,00717,2019-03-24,315,Pliers,15.99,5
Tey How,Barker,6169 Beechwood Drive,Ponce,PR,00717,2019-03-24,308,Screwdriver,3.0,9
Tey How,Barker,6169 Beechwood Drive,Ponce,PR,00717,2019-03-24,322,Monkeywrench,29.95,3
Tey How,Barker,6169 Beechwood Drive,Ponce,PR,00717,2019-03-24,327,Ladder,80.0,8
Tey How,Barker,6169 Beechwood Drive,Ponce,PR,00717,2019-03-24,319,Paint,19.99,3
Snap,Jimenez,4890 4th Street,Belgrade,MO,63622,2019-03-24,320,Saw,20.99,5
Snap,Jimenez,4890 4th Street,Belgrade,MO,63622,2019-03-24,305,Bradawl,1.99,9
Snap,Jimenez,4890 4th Street,Belgrade,MO,63622,2019-03-24,306,Clamp,2.99,3
Snap,Jimenez,4890 4th Street,Belgrade,MO,63622,2019-03-24,322,Monkeywrench,29.95,8
Snap,Jimenez,4890 4th Street,Belgrade,MO,63622,2019-03-24,317,Level,16.99,3
Rey,Alvarez,3112 Madison Street,Palmer,MA,01069,2019-03-24,304,Bolt,1.0,5
Rey,Alvarez,3112 Madison Street,Palmer,MA,01069,2019-03-24,316,Anvil,16.2,9
Rey,Alvarez,3112 Madison Street,Palmer,MA,01069,2019-03-24,328,Workbench,300.0,3
Rey,Alvarez,3112 Madison Street,Palmer,MA,01069,2019-03-24,311,Hammer,8.27,8
Rey,Alvarez,3112 Madison Street,Palmer,MA,01069,2019-03-24,322,Monkeywrench,29.95,3
Snap,Garza,9534 9th Street,Strong,ME,04983,2019-03-24,303,Screw,0.5,5
Snap,Garza,9534 9th Street,Strong,ME,04983,2019-03-24,311,Hammer,8.27,9
Snap,Garza,9534 9th Street,Strong,ME,04983,2019-03-24,306,Clamp,2.99,3
Snap,Garza,9534 9th Street,Strong,ME,04983,2019-03-24,323,Hatchet,35.99,8
Snap,Garza,9534 9th Street,Strong,ME,04983,2019-03-24,329,Chainsaw,499.99,3
Bala-Tik,Rodriguez,7381 3rd Street,Wagner,SD,57380,2019-03-24,312,Plane,10.99,5
Bala-Tik,Rodriguez,7381 3rd Street,Wagner,SD,57380,2019-03-24,303,Screw,0.5,9
Bala-Tik,Rodriguez,7381 3rd Street,Wagner,SD,57380,2019-03-24,321,Axe,27.99,3
Bala-Tik,Rodriguez,7381 3rd Street,Wagner,SD,57380,2019-03-24,326,Drill,69.0,8
Bala-Tik,Rodriguez,7381 3rd Street,Wagner,SD,57380,2019-03-24,306,Clamp,2.99,3
Orn Free Taa,Mcbride,7694 9th Street,Monterey,TN,38574,2019-03-25,306,Clamp,2.99,6
Colonel Datoo,Jennings,2331 Jackson Avenue,Brooklyn,MD,21225,2019-03-26,308,Screwdriver,3.0,1
Colonel Datoo,Jennings,2331 Jackson Avenue,Brooklyn,MD,21225,2019-03-26,304,Bolt,1.0,5
Clone Commander Cody,Le,2287 Main Street,Byron,GA,31008,2019-03-26,307,Sandpaper,3.0,1
Clone Commander Cody,Le,2287 Main Street,Byron,GA,31008,2019-03-26,325,Toolbox,50.0,5
Nute Gunray,Ferguson,7551 Franklin Court,Bartlett,NE,68622,2019-03-27,303,Screw,0.5,8
Nute Gunray,Ferguson,7551 Franklin Court,Bartlett,NE,68622,2019-03-27,313,Wrench,11.0,4
Nute Gunray,Ferguson,7551 Franklin Court,Bartlett,NE,68622,2019-03-27,329,Chainsaw,499.99,6
Captain Antilles,Walters,4285 Pheasant Run,Haleiwa,HI,96712,2019-03-27,319,Paint,19.99,8
Captain Antilles,Walters,4285 Pheasant Run,Haleiwa,HI,96712,2019-03-27,321,Axe,27.99,4
Captain Antilles,Walters,4285 Pheasant Run,Haleiwa,HI,96712,2019-03-27,303,Screw,0.5,6
Captain Antilles,Johnston,5491 Strawberry Lane,Pittsburgh,PA,15234,2019-03-27,319,Paint,19.99,8
Captain Antilles,Johnston,5491 Strawberry Lane,Pittsburgh,PA,15234,2019-03-27,309,Chisel,4.99,4
Captain Antilles,Johnston,5491 Strawberry Lane,Pittsburgh,PA,15234,2019-03-27,324,Wire,37.0,6
Taun We,Woodward,6912 Strawberry Lane,Erving,MA,01344,2019-03-28,327,Ladder,80.0,3
Taun We,Woodward,6912 Strawberry Lane,Erving,MA,01344,2019-03-28,313,Wrench,11.0,1
Taun We,Woodward,6912 Strawberry Lane,Erving,MA,01344,2019-03-28,328,Workbench,300.0,6
Taun We,Woodward,6912 Strawberry Lane,Erving,MA,01344,2019-03-28,306,Clamp,2.99,3
Gold Leader,Todd,508 Magnolia Court,Memphis,TN,38119,2019-03-28,309,Chisel,4.99,3
Gold Leader,Todd,508 Magnolia Court,Memphis,TN,38119,2019-03-28,308,Screwdriver,3.0,1
Gold Leader,Todd,508 Magnolia Court,Memphis,TN,38119,2019-03-28,304,Bolt,1.0,6
Gold Leader,Todd,508 Magnolia Court,Memphis,TN,38119,2019-03-28,319,Paint,19.99,3
Bib Fortuna,Elliott,5364 Heather Lane,Gig Harbor,WA,98335,2019-03-28,313,Wrench,11.0,3
Bib Fortuna,Elliott,5364 Heather Lane,Gig Harbor,WA,98335,2019-03-28,309,Chisel,4.99,1
Bib Fortuna,Elliott,5364 Heather Lane,Gig Harbor,WA,98335,2019-03-28,312,Plane,10.99,6
Bib Fortuna,Elliott,5364 Heather Lane,Gig Harbor,WA,98335,2019-03-28,304,Bolt,1.0,3
Jobal,Johnston,8751 Beechwood Drive,Slickville,PA,15684,2019-03-28,320,Saw,20.99,3
Jobal,Johnston,8751 Beechwood Drive,Slickville,PA,15684,2019-03-28,317,Level,16.99,1
Jobal,Johnston,8751 Beechwood Drive,Slickville,PA,15684,2019-03-28,321,Axe,27.99,6
Jobal,Johnston,8751 Beechwood Drive,Slickville,PA,15684,2019-03-28,302,Nut,0.25,3
C-3Po,Greene,5014 Beechwood Drive,Las Vegas,NV,89143,2019-03-29,321,Axe,27.99,4
C-3Po,Greene,5014 Beechwood Drive,Las Vegas,NV,89143,2019-03-29,305,Bradawl,1.99,2
C-3Po,Greene,5014 Beechwood Drive,Las Vegas,NV,89143,2019-03-29,325,Toolbox,50.0,1
C-3Po,Greene,5014 Beechwood Drive,Las Vegas,NV,89143,2019-03-29,329,Chainsaw,499.99,8
C-3Po,Greene,5014 Beechwood Drive,Las Vegas,NV,89143,2019-03-29,327,Ladder,80.0,5
C-3Po,Jennings,2134 3rd Street,Broadview,MT,59015,2019-03-29,329,Chainsaw,499.99,4
C-3Po,Jennings,2134 3rd Street,Broadview,MT,59015,2019-03-29,311,Hammer,8.27,2
C-3Po,Jennings,2134 3rd Street,Broadview,MT,59015,2019-03-29,321,Axe,27.99,1
C-3Po,Jennings,2134 3rd Street,Broadview,MT,59015,2019-03-29,317,Level,16.99,8
C-3Po,Jennings,2134 3rd Street,Broadview,MT,59015,2019-03-29,322,Monkeywrench,29.95,5
Orn Free Taa,Zhang,6043 Strawberry Lane,Patterson,AR,72123,2019-03-29,307,Sandpaper,3.0,4
Orn Free Taa,Zhang,6043 Strawberry Lane,Patterson,AR,72123,2019-03-29,312,Plane,10.99,2
Orn Free Taa,Zhang,6043 Strawberry Lane,Patterson,AR,72123,2019-03-29,308,Screwdriver,3.0,1
Orn Free Taa,Zhang,6043 Strawberry Lane,Patterson,AR,72123,2019-03-29,324,Wire,37.0,8
Orn Free Taa,Zhang,6043 Strawberry Lane,Patterson,AR,72123,2019-03-29,315,Pliers,15.99,5
Tey How,Jennings,3672 Inverness Drive,Fort Washakie,WY,82514,2019-03-29,315,Pliers,15.99,4
Tey How,Jennings,3672 Inverness Drive,Fort Washakie,WY,82514,2019-03-29,303,Screw,0.5,2
Tey How,Jennings,3672 Inverness Drive,Fort Washakie,WY,82514,2019-03-29,328,Workbench,300.0,1
Tey How,Jennings,3672 Inverness Drive,Fort Washakie,WY,82514,2019-03-29,329,Chainsaw,499.99,8
Tey How,Jennings,3672 Inverness Drive,Fort Washakie,WY,82514,2019-03-29,302,Nut,0.25,5
Piett,Johnston,4152 Prospect Street,Beaver,WV,25813,2019-03-29,318,Hacksaw,19.99,4
Piett,Johnston,4152 Prospect Street,Beaver,WV,25813,2019-03-29,319,Paint,19.99,2
Piett,Johnston,4152 Prospect Street,Beaver,WV,25813,2019-03-29,324,Wire,37.0,1
Piett,Johnston,4152 Prospect Street,Beaver,WV,25813,2019-03-29,313,Wrench,11.0,8
Piett,Johnston,4152 Prospect Street,Beaver,WV,25813,2019-03-29,326,Drill,69.0,5
Unkar Plutt,Doyle,7541 William Street,Cookeville,TN,38505,2019-03-30,307,Sandpaper,3.0,9
Unkar Plutt,Doyle,7541 William Street,Cookeville,TN,38505,2019-03-30,317,Level,16.99,1
Snap,Lara,9634 Jefferson Court,Cold Spring,MN,56320,2019-03-30,324,Wire,37.0,9
Snap,Lara,9634 Jefferson Court,Cold Spring,MN,56320,2019-03-30,318,Hacksaw,19.99,1
Shmi,Gordon,9637 Heather Lane,Cable,WI,54821,2019-03-31,313,Wrench,11.0,3
Shmi,Gordon,9637 Heather Lane,Cable,WI,54821,2019-03-31,309,Chisel,4.99,5
Shmi,Gordon,9637 Heather Lane,Cable,WI,54821,2019-03-31,326,Drill,69.0,4
Shmi,Gordon,9637 Heather Lane,Cable,WI,54821,2019-03-31,302,Nut,0.25,3
Captain Antilles,Mcdaniel,6326 Heather Lane,Ohatchee,AL,36271,2019-03-31,329,Chainsaw,499.99,3
Captain Antilles,Mcdaniel,6326 Heather Lane,Ohatchee,AL,36271,2019-03-31,321,Axe,27.99,5
Captain Antilles,Mcdaniel,6326 Heather Lane,Ohatchee,AL,36271,2019-03-31,302,Nut,0.25,4
Captain Antilles,Mcdaniel,6326 Heather Lane,Ohatchee,AL,36271,2019-03-31,306,Clamp,2.99,3
Plo Koon,Mcbride,1716 Prospect Street,Wellesley,MA,02482,2019-03-31,301,Nail,0.25,3
Plo Koon,Mcbride,1716 Prospect Street,Wellesley,MA,02482,2019-03-31,312,Plane,10.99,5
Plo Koon,Mcbride,1716 Prospect Street,Wellesley,MA,02482,2019-03-31,325,Toolbox,50.0,4
Plo Koon,Mcbride,1716 Prospect Street,Wellesley,MA,02482,2019-03-31,327,Ladder,80.0,3
Colonel Datoo,Zhang,3165 Lake Street,Central Lake,MI,49622,2019-03-31,316,Anvil,16.2,3
Colonel Datoo,Zhang,3165 Lake Street,Central Lake,MI,49622,2019-03-31,302,Nut,0.25,5
Colonel Datoo,Zhang,3165 Lake Street,Central Lake,MI,49622,2019-03-31,300,Washer,0.1,4
Colonel Datoo,Zhang,3165 Lake Street,Central Lake,MI,49622,2019-03-31,326,Drill,69.0,3
